Year,S/T name,SA4 code,SA4 name,SA3 code,SA3 name,SA2 code,SA2 name,0–4,5–9,10–14,Child_count
2024,Victoria,206,Melbourne - Inner,20601,Brunswick - Coburg,206011106,Brunswick East,557,430,370,1357
2024,Victoria,206,Melbourne - Inner,20601,Brunswick - Coburg,206011107,Brunswick West,699,640,604,1943
2024,Victoria,206,Melbourne - Inner,20601,Brunswick - Coburg,206011109,Pascoe Vale South,539,656,718,1913
2024,Victoria,206,Melbourne - Inner,20601,Brunswick - Coburg,206011495,Brunswick - North,572,374,463,1409
2024,Victoria,206,Melbourne - Inner,20601,Brunswick - Coburg,206011496,Brunswick - South,551,357,322,1230
2024,Victoria,206,Melbourne - Inner,20601,Brunswick - Coburg,206011497,Coburg - East,667,509,556,1732
2024,Victoria,206,Melbourne - Inner,20601,Brunswick - Coburg,206011498,Coburg - West,776,794,736,2306
2024,Victoria,206,Melbourne - Inner,20602,Darebin - South,206021110,Alphington - Fairfield,464,483,485,1432
2024,Victoria,206,Melbourne - Inner,20602,Darebin - South,206021112,Thornbury,981,877,935,2793
2024,Victoria,206,Melbourne - Inner,20602,Darebin - South,206021499,Northcote - East,705,715,791,2211
2024,Victoria,206,Melbourne - Inner,20602,Darebin - South,206021500,Northcote - West,449,474,530,1453
2024,Victoria,206,Melbourne - Inner,20603,Essendon,206031113,Ascot Vale,968,870,813,2651
2024,Victoria,206,Melbourne - Inner,20603,Essendon,206031115,Flemington,521,410,327,1258
2024,Victoria,206,Melbourne - Inner,20603,Essendon,206031116,Moonee Ponds,741,813,729,2283
2024,Victoria,206,Melbourne - Inner,20603,Essendon,206031501,Essendon (West) - Aberfeldie,711,818,988,2517
2024,Victoria,206,Melbourne - Inner,20603,Essendon,206031502,Essendon - East,480,548,623,1651
2024,Victoria,206,Melbourne - Inner,20604,Melbourne City,206041117,Carlton,275,215,264,754
2024,Victoria,206,Melbourne - Inner,20604,Melbourne City,206041118,Docklands,632,430,253,1315
2024,Victoria,206,Melbourne - Inner,20604,Melbourne City,206041119,East Melbourne,119,84,96,299
2024,Victoria,206,Melbourne - Inner,20604,Melbourne City,206041120,Flemington Racecourse,1,0,0,1
2024,Victoria,206,Melbourne - Inner,20604,Melbourne City,206041121,Kensington (Vic.),586,480,433,1499
2024,Victoria,206,Melbourne - Inner,20604,Melbourne City,206041124,Parkville,170,127,120,417
2024,Victoria,206,Melbourne - Inner,20604,Melbourne City,206041125,South Yarra - West,226,218,149,593
2024,Victoria,206,Melbourne - Inner,20604,Melbourne City,206041127,West Melbourne - Industrial,0,0,0,0
2024,Victoria,206,Melbourne - Inner,20604,Melbourne City,206041503,Melbourne CBD - East,182,135,93,410
2024,Victoria,206,Melbourne - Inner,20604,Melbourne City,206041504,Melbourne CBD - North,235,128,138,501
2024,Victoria,206,Melbourne - Inner,20604,Melbourne City,206041505,Melbourne CBD - West,268,168,130,566
2024,Victoria,206,Melbourne - Inner,20604,Melbourne City,206041506,North Melbourne,575,501,596,1672
2024,Victoria,206,Melbourne - Inner,20604,Melbourne City,206041507,Royal Botanic Gardens Victoria,0,0,0,0
2024,Victoria,206,Melbourne - Inner,20604,Melbourne City,206041508,Southbank (West) - South Wharf,208,140,136,484
2024,Victoria,206,Melbourne - Inner,20604,Melbourne City,206041509,Southbank - East,427,291,206,924
2024,Victoria,206,Melbourne - Inner,20604,Melbourne City,206041510,West Melbourne - Residential,231,187,227,645
2024,Victoria,206,Melbourne - Inner,20605,Port Phillip,206051128,Albert Park,681,677,735,2093
2024,Victoria,206,Melbourne - Inner,20605,Port Phillip,206051129,Elwood,677,524,618,1819
2024,Victoria,206,Melbourne - Inner,20605,Port Phillip,206051130,Port Melbourne,738,783,737,2258
2024,Victoria,206,Melbourne - Inner,20605,Port Phillip,206051134,St Kilda East,755,612,575,1942
2024,Victoria,206,Melbourne - Inner,20605,Port Phillip,206051511,Port Melbourne Industrial,87,85,85,257
2024,Victoria,206,Melbourne - Inner,20605,Port Phillip,206051512,South Melbourne,457,410,430,1297
2024,Victoria,206,Melbourne - Inner,20605,Port Phillip,206051513,St Kilda - Central,379,283,234,896
2024,Victoria,206,Melbourne - Inner,20605,Port Phillip,206051514,St Kilda - West,356,303,345,1004
2024,Victoria,206,Melbourne - Inner,20606,Stonnington - West,206061135,Armadale,405,394,360,1159
2024,Victoria,206,Melbourne - Inner,20606,Stonnington - West,206061136,Prahran - Windsor,688,453,374,1515
2024,Victoria,206,Melbourne - Inner,20606,Stonnington - West,206061138,Toorak,427,463,567,1457
2024,Victoria,206,Melbourne - Inner,20606,Stonnington - West,206061515,South Yarra - North,279,158,189,626
2024,Victoria,206,Melbourne - Inner,20606,Stonnington - West,206061516,South Yarra - South,313,241,231,785
2024,Victoria,206,Melbourne - Inner,20607,Yarra,206071139,Abbotsford,399,218,188,805
2024,Victoria,206,Melbourne - Inner,20607,Yarra,206071140,Carlton North - Princes Hill,330,248,258,836
2024,Victoria,206,Melbourne - Inner,20607,Yarra,206071141,Collingwood,501,406,345,1252
2024,Victoria,206,Melbourne - Inner,20607,Yarra,206071142,Fitzroy,464,364,318,1146
2024,Victoria,206,Melbourne - Inner,20607,Yarra,206071143,Fitzroy North,471,488,535,1494
2024,Victoria,206,Melbourne - Inner,20607,Yarra,206071145,Clifton Hill - Alphington,547,590,504,1641
2024,Victoria,206,Melbourne - Inner,20607,Yarra,206071517,Richmond (South) - Cremorne,716,507,550,1773
2024,Victoria,206,Melbourne - Inner,20607,Yarra,206071518,Richmond - North,477,349,365,1191
2024,Victoria,207,Melbourne - Inner East,20701,Boroondara,207011146,Ashburton (Vic.),421,522,601,1544
2024,Victoria,207,Melbourne - Inner East,20701,Boroondara,207011147,Balwyn,456,903,1190,2549
2024,Victoria,207,Melbourne - Inner East,20701,Boroondara,207011148,Balwyn North,721,1185,1776,3682
2024,Victoria,207,Melbourne - Inner East,20701,Boroondara,207011149,Camberwell,863,1146,1365,3374
2024,Victoria,207,Melbourne - Inner East,20701,Boroondara,207011150,Glen Iris - East,777,1098,1230,3105
2024,Victoria,207,Melbourne - Inner East,20701,Boroondara,207011152,Hawthorn East,594,749,813,2156
2024,Victoria,207,Melbourne - Inner East,20701,Boroondara,207011154,Kew East,268,367,457,1092
2024,Victoria,207,Melbourne - Inner East,20701,Boroondara,207011155,Surrey Hills (West) - Canterbury,568,839,1054,2461
2024,Victoria,207,Melbourne - Inner East,20701,Boroondara,207011519,Hawthorn - North,370,396,465,1231
2024,Victoria,207,Melbourne - Inner East,20701,Boroondara,207011520,Hawthorn - South,406,420,528,1354
2024,Victoria,207,Melbourne - Inner East,20701,Boroondara,207011521,Kew - South,434,524,758,1716
2024,Victoria,207,Melbourne - Inner East,20701,Boroondara,207011522,Kew - West,549,599,755,1903
2024,Victoria,207,Melbourne - Inner East,20702,Manningham - West,207021156,Bulleen,511,541,610,1662
2024,Victoria,207,Melbourne - Inner East,20702,Manningham - West,207021157,Doncaster,1208,1331,1300,3839
2024,Victoria,207,Melbourne - Inner East,20702,Manningham - West,207021159,Templestowe,695,1040,1080,2815
2024,Victoria,207,Melbourne - Inner East,20702,Manningham - West,207021160,Templestowe Lower,662,760,894,2316
2024,Victoria,207,Melbourne - Inner East,20702,Manningham - West,207021424,Doncaster East - North,624,1031,1152,2807
2024,Victoria,207,Melbourne - Inner East,20702,Manningham - West,207021425,Doncaster East - South,827,1219,1190,3236
2024,Victoria,207,Melbourne - Inner East,20703,Whitehorse - West,207031161,Blackburn,1005,1195,1441,3641
2024,Victoria,207,Melbourne - Inner East,20703,Whitehorse - West,207031162,Blackburn South,454,671,757,1882
2024,Victoria,207,Melbourne - Inner East,20703,Whitehorse - West,207031163,Box Hill,891,990,1186,3067
2024,Victoria,207,Melbourne - Inner East,20703,Whitehorse - West,207031164,Box Hill North,866,982,1141,2989
2024,Victoria,207,Melbourne - Inner East,20703,Whitehorse - West,207031165,Burwood (Vic.),482,448,517,1447
2024,Victoria,207,Melbourne - Inner East,20703,Whitehorse - West,207031166,Burwood East,466,619,551,1636
2024,Victoria,207,Melbourne - Inner East,20703,Whitehorse - West,207031167,Surrey Hills (East) - Mont Albert,414,558,631,1603
2024,Victoria,208,Melbourne - Inner South,20801,Bayside,208011168,Beaumaris,458,800,1147,2405
2024,Victoria,208,Melbourne - Inner South,20801,Bayside,208011169,Brighton (Vic.),866,1191,1463,3520
2024,Victoria,208,Melbourne - Inner South,20801,Bayside,208011170,Brighton East,692,1003,1315,3010
2024,Victoria,208,Melbourne - Inner South,20801,Bayside,208011171,Highett (West) - Cheltenham,795,855,843,2493
2024,Victoria,208,Melbourne - Inner South,20801,Bayside,208011172,Hampton,843,1076,1277,3196
2024,Victoria,208,Melbourne - Inner South,20801,Bayside,208011173,Sandringham - Black Rock,630,905,1109,2644
2024,Victoria,208,Melbourne - Inner South,20802,Glen Eira,208021174,Bentleigh - McKinnon,1177,1567,1972,4716
2024,Victoria,208,Melbourne - Inner South,20802,Glen Eira,208021176,Carnegie,905,866,780,2551
2024,Victoria,208,Melbourne - Inner South,20802,Glen Eira,208021177,Caulfield - North,1231,1341,1383,3955
2024,Victoria,208,Melbourne - Inner South,20802,Glen Eira,208021178,Caulfield - South,944,1074,1130,3148
2024,Victoria,208,Melbourne - Inner South,20802,Glen Eira,208021179,Elsternwick,678,665,729,2072
2024,Victoria,208,Melbourne - Inner South,20802,Glen Eira,208021180,Hughesdale,390,340,411,1141
2024,Victoria,208,Melbourne - Inner South,20802,Glen Eira,208021181,Murrumbeena,468,543,554,1565
2024,Victoria,208,Melbourne - Inner South,20802,Glen Eira,208021182,Ormond - Glen Huntly,661,640,736,2037
2024,Victoria,208,Melbourne - Inner South,20802,Glen Eira,208021426,Bentleigh East - North,826,1242,1421,3489
2024,Victoria,208,Melbourne - Inner South,20802,Glen Eira,208021427,Bentleigh East - South,871,910,974,2755
2024,Victoria,208,Melbourne - Inner South,20803,Kingston,208031183,Aspendale Gardens - Waterways,343,531,609,1483
2024,Victoria,208,Melbourne - Inner South,20803,Kingston,208031184,Braeside,0,0,0,0
2024,Victoria,208,Melbourne - Inner South,20803,Kingston,208031185,Carrum - Patterson Lakes,675,687,624,1986
2024,Victoria,208,Melbourne - Inner South,20803,Kingston,208031186,Chelsea - Bonbeach,967,933,818,2718
2024,Victoria,208,Melbourne - Inner South,20803,Kingston,208031187,Chelsea Heights,328,386,334,1048
2024,Victoria,208,Melbourne - Inner South,20803,Kingston,208031188,Highett (East) - Cheltenham,1545,1467,1400,4412
2024,Victoria,208,Melbourne - Inner South,20803,Kingston,208031189,Edithvale - Aspendale,816,894,937,2647
2024,Victoria,208,Melbourne - Inner South,20803,Kingston,208031190,Mentone,699,766,793,2258
2024,Victoria,208,Melbourne - Inner South,20803,Kingston,208031191,Moorabbin - Heatherton,559,622,649,1830
2024,Victoria,208,Melbourne - Inner South,20803,Kingston,208031192,Moorabbin Airport,0,0,0,0
2024,Victoria,208,Melbourne - Inner South,20803,Kingston,208031193,Mordialloc - Parkdale,1093,1182,1459,3734
2024,Victoria,208,Melbourne - Inner South,20804,Stonnington - East,208041194,Malvern - Glen Iris,784,950,1131,2865
2024,Victoria,208,Melbourne - Inner South,20804,Stonnington - East,208041195,Malvern East,970,1189,1287,3446
2024,Victoria,209,Melbourne - North East,20901,Banyule,209011196,Bundoora - East,531,526,487,1544
2024,Victoria,209,Melbourne - North East,20901,Banyule,209011197,Greensborough,1246,1340,1352,3938
2024,Victoria,209,Melbourne - North East,20901,Banyule,209011198,Heidelberg - Rosanna,865,970,1071,2906
2024,Victoria,209,Melbourne - North East,20901,Banyule,209011199,Heidelberg West,1112,884,777,2773
2024,Victoria,209,Melbourne - North East,20901,Banyule,209011200,Ivanhoe,549,632,697,1878
2024,Victoria,209,Melbourne - North East,20901,Banyule,209011201,Ivanhoe East - Eaglemont,286,408,532,1226
2024,Victoria,209,Melbourne - North East,20901,Banyule,209011202,Montmorency - Briar Hill,903,1143,1179,3225
2024,Victoria,209,Melbourne - North East,20901,Banyule,209011203,Viewbank - Yallambie,1025,1253,1324,3602
2024,Victoria,209,Melbourne - North East,20901,Banyule,209011204,Watsonia,663,556,573,1792
2024,Victoria,209,Melbourne - North East,20902,Darebin - North,209021205,Kingsbury,446,465,446,1357
2024,Victoria,209,Melbourne - North East,20902,Darebin - North,209021428,Preston - East,1093,917,905,2915
2024,Victoria,209,Melbourne - North East,20902,Darebin - North,209021429,Preston - West,664,734,718,2116
2024,Victoria,209,Melbourne - North East,20902,Darebin - North,209021523,Reservoir - North East,936,775,564,2275
2024,Victoria,209,Melbourne - North East,20902,Darebin - North,209021524,Reservoir - North West,559,496,445,1500
2024,Victoria,209,Melbourne - North East,20902,Darebin - North,209021525,Reservoir - South East,793,630,596,2019
2024,Victoria,209,Melbourne - North East,20902,Darebin - North,209021526,Reservoir - South West,944,811,749,2504
2024,Victoria,209,Melbourne - North East,20903,Nillumbik - Kinglake,209031209,Eltham,1138,1451,1613,4202
2024,Victoria,209,Melbourne - North East,20903,Nillumbik - Kinglake,209031210,Hurstbridge,191,225,230,646
2024,Victoria,209,Melbourne - North East,20903,Nillumbik - Kinglake,209031211,Kinglake,255,263,287,805
2024,Victoria,209,Melbourne - North East,20903,Nillumbik - Kinglake,209031212,Panton Hill - St Andrews,211,218,317,746
2024,Victoria,209,Melbourne - North East,20903,Nillumbik - Kinglake,209031213,Plenty - Yarrambat,393,576,664,1633
2024,Victoria,209,Melbourne - North East,20903,Nillumbik - Kinglake,209031214,Research - North Warrandyte,333,417,564,1314
2024,Victoria,209,Melbourne - North East,20903,Nillumbik - Kinglake,209031215,Wattle Glen - Diamond Creek,909,960,983,2852
2024,Victoria,209,Melbourne - North East,20904,Whittlesea - Wallan,209041216,Bundoora - North,273,314,355,942
2024,Victoria,209,Melbourne - North East,20904,Whittlesea - Wallan,209041217,Bundoora - West,316,326,232,874
2024,Victoria,209,Melbourne - North East,20904,Whittlesea - Wallan,209041220,Mill Park - North,854,912,905,2671
2024,Victoria,209,Melbourne - North East,20904,Whittlesea - Wallan,209041221,Mill Park - South,602,551,605,1758
2024,Victoria,209,Melbourne - North East,20904,Whittlesea - Wallan,209041223,Thomastown,1150,1024,902,3076
2024,Victoria,209,Melbourne - North East,20904,Whittlesea - Wallan,209041224,Wallan,2545,2457,2061,7063
2024,Victoria,209,Melbourne - North East,20904,Whittlesea - Wallan,209041225,Whittlesea,1394,1228,1071,3693
2024,Victoria,209,Melbourne - North East,20904,Whittlesea - Wallan,209041431,Epping - East,752,815,889,2456
2024,Victoria,209,Melbourne - North East,20904,Whittlesea - Wallan,209041432,Epping - South,479,458,398,1335
2024,Victoria,209,Melbourne - North East,20904,Whittlesea - Wallan,209041433,Epping (Vic.) - West,944,1049,1088,3081
2024,Victoria,209,Melbourne - North East,20904,Whittlesea - Wallan,209041435,South Morang - North,768,910,1060,2738
2024,Victoria,209,Melbourne - North East,20904,Whittlesea - Wallan,209041436,South Morang - South,701,765,792,2258
2024,Victoria,209,Melbourne - North East,20904,Whittlesea - Wallan,209041437,Wollert,3221,3402,2714,9337
2024,Victoria,209,Melbourne - North East,20904,Whittlesea - Wallan,209041527,Doreen - North,1073,1476,1586,4135
2024,Victoria,209,Melbourne - North East,20904,Whittlesea - Wallan,209041528,Doreen - South,1078,1152,972,3202
2024,Victoria,209,Melbourne - North East,20904,Whittlesea - Wallan,209041529,Lalor - East,584,528,477,1589
2024,Victoria,209,Melbourne - North East,20904,Whittlesea - Wallan,209041530,Lalor - West,844,983,857,2684
2024,Victoria,209,Melbourne - North East,20904,Whittlesea - Wallan,209041531,Mernda - North,869,1025,961,2855
2024,Victoria,209,Melbourne - North East,20904,Whittlesea - Wallan,209041532,Mernda - South,1084,1234,1171,3489
2024,Victoria,210,Melbourne - North West,21001,Keilor,210011226,Airport West,534,513,401,1448
2024,Victoria,210,Melbourne - North West,21001,Keilor,210011227,Essendon Airport,0,0,0,0
2024,Victoria,210,Melbourne - North West,21001,Keilor,210011228,Keilor,447,464,498,1409
2024,Victoria,210,Melbourne - North West,21001,Keilor,210011230,Niddrie - Essendon West,430,446,467,1343
2024,Victoria,210,Melbourne - North West,21001,Keilor,210011231,Strathmore,386,630,848,1864
2024,Victoria,210,Melbourne - North West,21001,Keilor,210011533,Avondale Heights,668,748,687,2103
2024,Victoria,210,Melbourne - North West,21001,Keilor,210011534,Keilor East,783,863,960,2606
2024,Victoria,210,Melbourne - North West,21002,Macedon Ranges,210021232,Gisborne,921,1225,1202,3348
2024,Victoria,210,Melbourne - North West,21002,Macedon Ranges,210021233,Macedon,173,265,295,733
2024,Victoria,210,Melbourne - North West,21002,Macedon Ranges,210021234,Riddells Creek,226,271,317,814
2024,Victoria,210,Melbourne - North West,21002,Macedon Ranges,210021235,Romsey,741,755,765,2261
2024,Victoria,210,Melbourne - North West,21003,Moreland - North,210031236,Coburg North,500,553,491,1544
2024,Victoria,210,Melbourne - North West,21003,Moreland - North,210031237,Fawkner,1051,1100,1000,3151
2024,Victoria,210,Melbourne - North West,21003,Moreland - North,210031439,Gowanbrae,165,174,175,514
2024,Victoria,210,Melbourne - North West,21003,Moreland - North,210031440,Hadfield,515,414,339,1268
2024,Victoria,210,Melbourne - North West,21003,Moreland - North,210031535,Glenroy - East,1175,866,714,2755
2024,Victoria,210,Melbourne - North West,21003,Moreland - North,210031536,Glenroy - West,636,484,386,1506
2024,Victoria,210,Melbourne - North West,21003,Moreland - North,210031537,Oak Park,534,477,389,1400
2024,Victoria,210,Melbourne - North West,21003,Moreland - North,210031538,Pascoe Vale,1196,1002,966,3164
2024,Victoria,210,Melbourne - North West,21004,Sunbury,210041240,Sunbury,931,909,978,2818
2024,Victoria,210,Melbourne - North West,21004,Sunbury,210041539,Diggers Rest,699,500,368,1567
2024,Victoria,210,Melbourne - North West,21004,Sunbury,210041540,Sunbury - South,1011,1025,1063,3099
2024,Victoria,210,Melbourne - North West,21004,Sunbury,210041541,Sunbury - West,836,745,710,2291
2024,Victoria,210,Melbourne - North West,21005,Tullamarine - Broadmeadows,210051242,Broadmeadows,1043,986,899,2928
2024,Victoria,210,Melbourne - North West,21005,Tullamarine - Broadmeadows,210051243,Campbellfield - Coolaroo,1102,1233,1198,3533
2024,Victoria,210,Melbourne - North West,21005,Tullamarine - Broadmeadows,210051245,Gladstone Park - Westmeadows,1051,1066,1004,3121
2024,Victoria,210,Melbourne - North West,21005,Tullamarine - Broadmeadows,210051246,Greenvale - Bulla,1826,1842,1819,5487
2024,Victoria,210,Melbourne - North West,21005,Tullamarine - Broadmeadows,210051247,Meadow Heights,1017,1040,1102,3159
2024,Victoria,210,Melbourne - North West,21005,Tullamarine - Broadmeadows,210051248,Melbourne Airport,0,10,0,10
2024,Victoria,210,Melbourne - North West,21005,Tullamarine - Broadmeadows,210051250,Tullamarine,387,298,302,987
2024,Victoria,210,Melbourne - North West,21005,Tullamarine - Broadmeadows,210051441,Craigieburn - Central,579,546,579,1704
2024,Victoria,210,Melbourne - North West,21005,Tullamarine - Broadmeadows,210051442,Craigieburn - North,906,985,1131,3022
2024,Victoria,210,Melbourne - North West,21005,Tullamarine - Broadmeadows,210051443,Craigieburn - South,1821,2005,1941,5767
2024,Victoria,210,Melbourne - North West,21005,Tullamarine - Broadmeadows,210051445,Mickleham - Yuroke,4214,3781,2563,10558
2024,Victoria,210,Melbourne - North West,21005,Tullamarine - Broadmeadows,210051542,Craigieburn - North West,1192,1132,903,3227
2024,Victoria,210,Melbourne - North West,21005,Tullamarine - Broadmeadows,210051543,Craigieburn - West,1209,1305,1251,3765
2024,Victoria,210,Melbourne - North West,21005,Tullamarine - Broadmeadows,210051544,Roxburgh Park (South) - Somerton,516,558,649,1723
2024,Victoria,210,Melbourne - North West,21005,Tullamarine - Broadmeadows,210051545,Roxburgh Park - North,922,1191,1329,3442
2024,Victoria,211,Melbourne - Outer East,21101,Knox,211011251,Bayswater,733,691,710,2134
2024,Victoria,211,Melbourne - Outer East,21101,Knox,211011254,Knoxfield - Scoresby,862,989,1119,2970
2024,Victoria,211,Melbourne - Outer East,21101,Knox,211011255,Lysterfield,260,358,469,1087
2024,Victoria,211,Melbourne - Outer East,21101,Knox,211011256,Rowville - Central,744,841,889,2474
2024,Victoria,211,Melbourne - Outer East,21101,Knox,211011257,Rowville - North,338,458,539,1335
2024,Victoria,211,Melbourne - Outer East,21101,Knox,211011258,Rowville - South,488,586,598,1672
2024,Victoria,211,Melbourne - Outer East,21101,Knox,211011259,Wantirna,685,964,966,2615
2024,Victoria,211,Melbourne - Outer East,21101,Knox,211011260,Wantirna South,697,929,992,2618
2024,Victoria,211,Melbourne - Outer East,21101,Knox,211011446,Boronia,1409,1370,1284,4063
2024,Victoria,211,Melbourne - Outer East,21101,Knox,211011447,Ferntree Gully - North,800,769,836,2405
2024,Victoria,211,Melbourne - Outer East,21101,Knox,211011448,Ferntree Gully (South) - Upper Ferntree Gully,885,944,886,2715
2024,Victoria,211,Melbourne - Outer East,21101,Knox,211011449,The Basin,244,264,298,806
2024,Victoria,211,Melbourne - Outer East,21102,Manningham - East,211021261,Donvale - Park Orchards,645,957,1216,2818
2024,Victoria,211,Melbourne - Outer East,21102,Manningham - East,211021262,Warrandyte - Wonga Park,366,506,708,1580
2024,Victoria,211,Melbourne - Outer East,21103,Maroondah,211031263,Bayswater North,687,730,683,2100
2024,Victoria,211,Melbourne - Outer East,21103,Maroondah,211031265,Croydon Hills - Warranwood,959,1140,1264,3363
2024,Victoria,211,Melbourne - Outer East,21103,Maroondah,211031266,Ringwood,1085,1119,1064,3268
2024,Victoria,211,Melbourne - Outer East,21103,Maroondah,211031267,Ringwood East,1220,1389,1436,4045
2024,Victoria,211,Melbourne - Outer East,21103,Maroondah,211031268,Ringwood North,497,600,680,1777
2024,Victoria,211,Melbourne - Outer East,21103,Maroondah,211031450,Croydon - East,1127,1019,866,3012
2024,Victoria,211,Melbourne - Outer East,21103,Maroondah,211031451,Croydon - West,830,890,867,2587
2024,Victoria,211,Melbourne - Outer East,21103,Maroondah,211031452,Croydon South,327,351,324,1002
2024,Victoria,211,Melbourne - Outer East,21104,Whitehorse - East,211041269,Forest Hill,484,650,618,1752
2024,Victoria,211,Melbourne - Outer East,21104,Whitehorse - East,211041270,Mitcham (Vic.),960,1036,982,2978
2024,Victoria,211,Melbourne - Outer East,21104,Whitehorse - East,211041271,Nunawading,685,747,756,2188
2024,Victoria,211,Melbourne - Outer East,21104,Whitehorse - East,211041272,Vermont,468,857,988,2313
2024,Victoria,211,Melbourne - Outer East,21104,Whitehorse - East,211041273,Vermont South,380,594,674,1648
2024,Victoria,211,Melbourne - Outer East,21105,Yarra Ranges,211051274,Belgrave - Selby,562,609,695,1866
2024,Victoria,211,Melbourne - Outer East,21105,Yarra Ranges,211051275,Chirnside Park,800,850,766,2416
2024,Victoria,211,Melbourne - Outer East,21105,Yarra Ranges,211051276,Healesville - Yarra Glen,749,814,833,2396
2024,Victoria,211,Melbourne - Outer East,21105,Yarra Ranges,211051277,Kilsyth,776,699,611,2086
2024,Victoria,211,Melbourne - Outer East,21105,Yarra Ranges,211051278,Lilydale - Coldstream,1207,1166,1178,3551
2024,Victoria,211,Melbourne - Outer East,21105,Yarra Ranges,211051279,Monbulk - Silvan,296,385,409,1090
2024,Victoria,211,Melbourne - Outer East,21105,Yarra Ranges,211051280,Montrose,424,481,477,1382
2024,Victoria,211,Melbourne - Outer East,21105,Yarra Ranges,211051281,Mooroolbark,1658,1574,1541,4773
2024,Victoria,211,Melbourne - Outer East,21105,Yarra Ranges,211051282,Mount Dandenong - Olinda,425,542,627,1594
2024,Victoria,211,Melbourne - Outer East,21105,Yarra Ranges,211051283,Mount Evelyn,683,733,633,2049
2024,Victoria,211,Melbourne - Outer East,21105,Yarra Ranges,211051284,Upwey - Tecoma,551,656,624,1831
2024,Victoria,211,Melbourne - Outer East,21105,Yarra Ranges,211051285,Wandin - Seville,480,505,507,1492
2024,Victoria,211,Melbourne - Outer East,21105,Yarra Ranges,211051286,Yarra Valley,1015,955,1050,3020
2024,Victoria,212,Melbourne - South East,21201,Cardinia,212011289,Emerald - Cockatoo,1096,1216,1392,3704
2024,Victoria,212,Melbourne - South East,21201,Cardinia,212011546,Beaconsfield - Officer,2373,2229,1914,6516
2024,Victoria,212,Melbourne - South East,21201,Cardinia,212011547,Bunyip - Garfield,598,622,745,1965
2024,Victoria,212,Melbourne - South East,21201,Cardinia,212011548,Koo Wee Rup,952,910,793,2655
2024,Victoria,212,Melbourne - South East,21201,Cardinia,212011549,Pakenham - North East,1412,1295,1066,3773
2024,Victoria,212,Melbourne - South East,21201,Cardinia,212011550,Pakenham - North West,876,872,718,2466
2024,Victoria,212,Melbourne - South East,21201,Cardinia,212011551,Pakenham - South East,449,438,329,1216
2024,Victoria,212,Melbourne - South East,21201,Cardinia,212011552,Pakenham - South West,2033,2293,2395,6721
2024,Victoria,212,Melbourne - South East,21202,Casey - North,212021293,Berwick - North,1200,1291,1430,3921
2024,Victoria,212,Melbourne - South East,21202,Casey - North,212021295,Doveton,967,793,702,2462
2024,Victoria,212,Melbourne - South East,21202,Casey - North,212021297,Hallam,772,840,770,2382
2024,Victoria,212,Melbourne - South East,21202,Casey - North,212021299,Narre Warren North,291,461,581,1333
2024,Victoria,212,Melbourne - South East,21202,Casey - North,212021453,Endeavour Hills - North,597,652,687,1936
2024,Victoria,212,Melbourne - South East,21202,Casey - North,212021454,Endeavour Hills - South,712,846,761,2319
2024,Victoria,212,Melbourne - South East,21202,Casey - North,212021455,Narre Warren - North East,832,842,893,2567
2024,Victoria,212,Melbourne - South East,21202,Casey - North,212021456,Narre Warren - South West,1074,968,904,2946
2024,Victoria,212,Melbourne - South East,21202,Casey - North,212021553,Berwick - South East,1099,1567,1857,4523
2024,Victoria,212,Melbourne - South East,21202,Casey - North,212021554,Berwick - South West,909,1041,1085,3035
2024,Victoria,212,Melbourne - South East,21203,Casey - South,212031300,Cranbourne,1553,1541,1320,4414
2024,Victoria,212,Melbourne - South East,21203,Casey - South,212031303,Cranbourne South,2433,2145,1644,6222
2024,Victoria,212,Melbourne - South East,21203,Casey - South,212031304,Cranbourne West,2256,2219,1951,6426
2024,Victoria,212,Melbourne - South East,21203,Casey - South,212031306,Lynbrook - Lyndhurst,1269,1597,1613,4479
2024,Victoria,212,Melbourne - South East,21203,Casey - South,212031308,Pearcedale - Tooradin,513,539,512,1564
2024,Victoria,212,Melbourne - South East,21203,Casey - South,212031457,Narre Warren South - East,596,822,1034,2452
2024,Victoria,212,Melbourne - South East,21203,Casey - South,212031458,Narre Warren South - West,1157,1223,1321,3701
2024,Victoria,212,Melbourne - South East,21203,Casey - South,212031555,Clyde North - North,1069,1296,1250,3615
2024,Victoria,212,Melbourne - South East,21203,Casey - South,212031556,Clyde North - South,2701,2512,1987,7200
2024,Victoria,212,Melbourne - South East,21203,Casey - South,212031557,Cranbourne East - North,1943,2231,2093,6267
2024,Victoria,212,Melbourne - South East,21203,Casey - South,212031558,Cranbourne East - South,1496,1416,1076,3988
2024,Victoria,212,Melbourne - South East,21203,Casey - South,212031559,Cranbourne North - East,1029,1275,1255,3559
2024,Victoria,212,Melbourne - South East,21203,Casey - South,212031560,Cranbourne North - West,837,906,886,2629
2024,Victoria,212,Melbourne - South East,21203,Casey - South,212031561,Hampton Park - East,951,972,918,2841
2024,Victoria,212,Melbourne - South East,21203,Casey - South,212031562,Hampton Park - West,953,895,933,2781
2024,Victoria,212,Melbourne - South East,21204,Dandenong,212041309,Clarinda - Oakleigh South,510,619,653,1782
2024,Victoria,212,Melbourne - South East,21204,Dandenong,212041310,Clayton South,804,659,589,2052
2024,Victoria,212,Melbourne - South East,21204,Dandenong,212041312,Dandenong North,1366,1347,1282,3995
2024,Victoria,212,Melbourne - South East,21204,Dandenong,212041313,Dingley Village,507,598,709,1814
2024,Victoria,212,Melbourne - South East,21204,Dandenong,212041316,Noble Park North,407,433,437,1277
2024,Victoria,212,Melbourne - South East,21204,Dandenong,212041317,Springvale,1173,1105,1028,3306
2024,Victoria,212,Melbourne - South East,21204,Dandenong,212041318,Springvale South,608,731,726,2065
2024,Victoria,212,Melbourne - South East,21204,Dandenong,212041459,Noble Park - East,852,694,511,2057
2024,Victoria,212,Melbourne - South East,21204,Dandenong,212041460,Noble Park - West,1110,1073,955,3138
2024,Victoria,212,Melbourne - South East,21204,Dandenong,212041563,Dandenong - North,1733,1382,1289,4404
2024,Victoria,212,Melbourne - South East,21204,Dandenong,212041564,Dandenong - South,732,702,716,2150
2024,Victoria,212,Melbourne - South East,21204,Dandenong,212041565,Keysborough - North,697,819,844,2360
2024,Victoria,212,Melbourne - South East,21204,Dandenong,212041566,Keysborough - South,1026,1249,1255,3530
2024,Victoria,212,Melbourne - South East,21205,Monash,212051319,Ashwood - Chadstone,1127,1061,1106,3294
2024,Victoria,212,Melbourne - South East,21205,Monash,212051321,Glen Waverley - East,749,1358,1723,3830
2024,Victoria,212,Melbourne - South East,21205,Monash,212051322,Glen Waverley - West,745,1325,1619,3689
2024,Victoria,212,Melbourne - South East,21205,Monash,212051323,Mount Waverley - North,688,936,1225,2849
2024,Victoria,212,Melbourne - South East,21205,Monash,212051324,Mount Waverley - South,845,1265,1321,3431
2024,Victoria,212,Melbourne - South East,21205,Monash,212051325,Mulgrave,1048,1200,1261,3509
2024,Victoria,212,Melbourne - South East,21205,Monash,212051326,Oakleigh - Huntingdale,1255,1251,1139,3645
2024,Victoria,212,Melbourne - South East,21205,Monash,212051327,Wheelers Hill,654,1081,1364,3099
2024,Victoria,212,Melbourne - South East,21205,Monash,212051567,Clayton (North) - Notting Hill,251,240,210,701
2024,Victoria,212,Melbourne - South East,21205,Monash,212051568,Clayton - Central,585,328,325,1238
2024,Victoria,213,Melbourne - West,21301,Brimbank,213011328,Ardeer - Albion,514,402,311,1227
2024,Victoria,213,Melbourne - West,21301,Brimbank,213011329,Cairnlea,462,590,702,1754
2024,Victoria,213,Melbourne - West,21301,Brimbank,213011331,Delahey,404,425,428,1257
2024,Victoria,213,Melbourne - West,21301,Brimbank,213011332,Keilor Downs,658,649,689,1996
2024,Victoria,213,Melbourne - West,21301,Brimbank,213011333,Kings Park (Vic.),762,770,870,2402
2024,Victoria,213,Melbourne - West,21301,Brimbank,213011334,St Albans - North,1139,1113,1042,3294
2024,Victoria,213,Melbourne - West,21301,Brimbank,213011335,St Albans - South,864,843,892,2599
2024,Victoria,213,Melbourne - West,21301,Brimbank,213011336,Sunshine,591,532,492,1615
2024,Victoria,213,Melbourne - West,21301,Brimbank,213011337,Sunshine North,692,638,645,1975
2024,Victoria,213,Melbourne - West,21301,Brimbank,213011338,Sunshine West,1063,1026,990,3079
2024,Victoria,213,Melbourne - West,21301,Brimbank,213011339,Sydenham,664,639,641,1944
2024,Victoria,213,Melbourne - West,21301,Brimbank,213011340,Taylors Lakes,678,770,866,2314
2024,Victoria,213,Melbourne - West,21301,Brimbank,213011569,Deer Park,1209,1204,1157,3570
2024,Victoria,213,Melbourne - West,21301,Brimbank,213011570,Derrimut,614,764,854,2232
2024,Victoria,213,Melbourne - West,21302,Hobsons Bay,213021341,Altona,776,871,828,2475
2024,Victoria,213,Melbourne - West,21302,Hobsons Bay,213021342,Altona Meadows,1078,1076,904,3058
2024,Victoria,213,Melbourne - West,21302,Hobsons Bay,213021343,Altona North,1204,1054,863,3121
2024,Victoria,213,Melbourne - West,21302,Hobsons Bay,213021344,Newport,1365,1365,1279,4009
2024,Victoria,213,Melbourne - West,21302,Hobsons Bay,213021345,Seabrook,300,405,323,1028
2024,Victoria,213,Melbourne - West,21302,Hobsons Bay,213021346,Williamstown,647,874,1172,2693
2024,Victoria,213,Melbourne - West,21303,Maribyrnong,213031347,Braybrook,1159,939,907,3005
2024,Victoria,213,Melbourne - West,21303,Maribyrnong,213031348,Footscray,907,634,565,2106
2024,Victoria,213,Melbourne - West,21303,Maribyrnong,213031349,Maribyrnong,607,497,522,1626
2024,Victoria,213,Melbourne - West,21303,Maribyrnong,213031350,Seddon - Kingsville,661,555,533,1749
2024,Victoria,213,Melbourne - West,21303,Maribyrnong,213031351,West Footscray - Tottenham,928,772,675,2375
2024,Victoria,213,Melbourne - West,21303,Maribyrnong,213031352,Yarraville,939,965,913,2817
2024,Victoria,213,Melbourne - West,21304,Melton - Bacchus Marsh,213041353,Bacchus Marsh,1811,1822,1836,5469
2024,Victoria,213,Melbourne - West,21304,Melton - Bacchus Marsh,213041358,Melton West,1783,1982,1859,5624
2024,Victoria,213,Melbourne - West,21304,Melton - Bacchus Marsh,213041359,Rockbank - Mount Cottrell,3399,2983,2034,8416
2024,Victoria,213,Melbourne - West,21304,Melton - Bacchus Marsh,213041360,Taylors Hill,983,1378,1899,4260
2024,Victoria,213,Melbourne - West,21304,Melton - Bacchus Marsh,213041461,Burnside,361,440,494,1295
2024,Victoria,213,Melbourne - West,21304,Melton - Bacchus Marsh,213041462,Burnside Heights,366,607,726,1699
2024,Victoria,213,Melbourne - West,21304,Melton - Bacchus Marsh,213041463,Caroline Springs,1154,1386,1668,4208
2024,Victoria,213,Melbourne - West,21304,Melton - Bacchus Marsh,213041571,Brookfield,864,932,827,2623
2024,Victoria,213,Melbourne - West,21304,Melton - Bacchus Marsh,213041572,Cobblebank - Strathtulloh,1499,1434,883,3816
2024,Victoria,213,Melbourne - West,21304,Melton - Bacchus Marsh,213041573,Eynesbury - Exford,349,384,355,1088
2024,Victoria,213,Melbourne - West,21304,Melton - Bacchus Marsh,213041574,Fraser Rise - Plumpton,2017,1828,1603,5448
2024,Victoria,213,Melbourne - West,21304,Melton - Bacchus Marsh,213041575,Hillside,852,887,1089,2828
2024,Victoria,213,Melbourne - West,21304,Melton - Bacchus Marsh,213041576,Kurunjang - Toolern Vale,891,895,908,2694
2024,Victoria,213,Melbourne - West,21304,Melton - Bacchus Marsh,213041577,Melton,478,465,510,1453
2024,Victoria,213,Melbourne - West,21304,Melton - Bacchus Marsh,213041578,Melton South - Weir Views,2158,2275,1828,6261
2024,Victoria,213,Melbourne - West,21305,Wyndham,213051361,Hoppers Crossing - North,1106,1134,1192,3432
2024,Victoria,213,Melbourne - West,21305,Wyndham,213051362,Hoppers Crossing - South,1069,1168,1286,3523
2024,Victoria,213,Melbourne - West,21305,Wyndham,213051363,Laverton,948,819,680,2447
2024,Victoria,213,Melbourne - West,21305,Wyndham,213051368,Werribee - South,1097,1128,1206,3431
2024,Victoria,213,Melbourne - West,21305,Wyndham,213051464,Point Cook - East,1635,1989,1959,5583
2024,Victoria,213,Melbourne - West,21305,Wyndham,213051466,Point Cook - South,1557,2359,2340,6256
2024,Victoria,213,Melbourne - West,21305,Wyndham,213051467,Werribee - East,1217,1153,1115,3485
2024,Victoria,213,Melbourne - West,21305,Wyndham,213051468,Werribee - West,2857,2544,1952,7353
2024,Victoria,213,Melbourne - West,21305,Wyndham,213051579,Manor Lakes - Quandong,1306,1341,1115,3762
2024,Victoria,213,Melbourne - West,21305,Wyndham,213051580,Point Cook - North East,765,996,1179,2940
2024,Victoria,213,Melbourne - West,21305,Wyndham,213051581,Point Cook - North West,720,815,894,2429
2024,Victoria,213,Melbourne - West,21305,Wyndham,213051582,Tarneit (West) - Mount Cottrell,2100,2048,1434,5582
2024,Victoria,213,Melbourne - West,21305,Wyndham,213051583,Tarneit - Central,2472,2690,2580,7742
2024,Victoria,213,Melbourne - West,21305,Wyndham,213051584,Tarneit - North,1713,1543,1077,4333
2024,Victoria,213,Melbourne - West,21305,Wyndham,213051585,Tarneit - South,982,1140,1010,3132
2024,Victoria,213,Melbourne - West,21305,Wyndham,213051586,Truganina - North,1552,1422,1103,4077
2024,Victoria,213,Melbourne - West,21305,Wyndham,213051587,Truganina - South East,1007,1115,858,2980
2024,Victoria,213,Melbourne - West,21305,Wyndham,213051588,Truganina - South West,1902,2059,1852,5813
2024,Victoria,213,Melbourne - West,21305,Wyndham,213051589,Wyndham Vale - North,1480,1308,913,3701
2024,Victoria,213,Melbourne - West,21305,Wyndham,213051590,Wyndham Vale - South,986,1188,1136,3310
